nb_lines,nb_rows,n_neighbors,min_dist,n_components,moyenne reel,moyenne UMAP,std reel,std UMAP,deformation,cpu_time,p-value uniformité global,p-value normalité global,std ratio global,mean ratio global,p-value uni big,p-value norm big,mean ratio big,std ratio big,p-value uni small,p-value norm small,mean ratio small,std ratio small,jaccard similarity
50,5,2,0.1,2,17.03265464,12.84424405,10.26818427,6.565157254,4334.713903,4.328125,0,0,323.3746669,17.16082078,1.41E-156,1.65E-030,0.918922985,1.948543526,0,0,456.6281017,32.34828193,36
50,5,15,0.1,2,17.03265464,7.351631223,10.26818427,4.688326516,464.9608049,1.40625,9.38E-306,0,1.626665183,2.904106565,1.14E-017,0.001644335687,0.1706544697,2.29834053,5.32E-157,2.57E-032,2.127575417,3.508884401,43.23529412
50,5,40,0.1,2,17.03265464,10.16573286,10.26818427,7.977040648,378.6451633,1.78125,1.1E-219,4.67E-038,2.17510246,2.878257319,2.09E-043,6.37E-029,1.265028937,2.29818598,3.18E-105,5.63E-026,2.680562672,3.457382375,35.3203252
50,5,15,0.1,2,17.03265464,18.93959192,10.26818427,12.89962811,231.8696563,1.765625,1.72E-238,9.81E-045,1.844564783,1.86898603,4.29E-017,0.5124670267,0.04882873484,0.8810399427,1.45E-137,3.04E-024,2.202182289,2.85532046,44.70588235
50,5,15,0.5,2,17.03265464,15.33520565,10.26818427,11.54637087,379.2038134,1.9375,0,1.63E-041,1.099348978,1.675509226,8.09E-020,1.96E-016,0.3904664874,1.515963342,1.73E-200,4.77E-030,1.487334582,1.834794839,44.63235294
50,5,15,0.99,2,17.03265464,16.25201243,10.26818427,10.8358511,97.19403669,2.296875,6.44E-246,1.4E-044,0.5982219326,1.274887311,0.0000242,0.000000000000503,0.1660003689,1.090827643,1.4E-157,9.27E-030,0.7874349347,1.458646718,43.41176471
50,5,15,0.1,1,17.03265464,18.36450297,10.26818427,14.87668036,365.1801154,1.890625,0,0,21.89600048,3.768213522,2.19E-027,5.27E-022,0.3107367138,0.9152116615,0,0,30.6879738,6.616561219,41.06617647
50,5,15,0.1,2,17.03265464,17.08769109,10.26818427,12.35216547,230.0954831,2.046875,8.72E-243,3.53E-043,1.825019284,1.988912094,8.72E-049,2.56E-021,0.1577351443,0.937729078,2E-124,8.53E-025,2.103937001,3.038380292,43.15441176
50,5,15,0.1,3,17.03265464,13.51527418,10.26818427,9.320503432,303.9440477,2.265625,2.91E-254,1.9E-036,1.618651399,2.187674334,4.43E-028,1.22E-023,0.5035785468,1.515418009,2.51E-138,3.37E-023,2.020140172,2.858833993,44.41176471
50,15,2,0.1,2,20.13485008,15.02107074,10.36591349,9.431881367,1947.260479,2.03125,0,0,7.068840773,3.018696162,2E-34,4.02E-019,0.9319818081,2.075093183,1.45E-277,7.83E-042,9.859610231,3.960759821,35.33333333
50,15,15,0.1,2,20.13485008,16.38538362,10.36591349,13.21873049,408.9705935,2.34375,6.44E-246,3.98E-041,3.86816628,3.519745895,8.51E-057,1.17E-029,0.9260784845,1.657260949,3.05E-110,2.67E-024,4.703621614,5.37919253,42.97058824
50,15,40,0.1,2,20.13485008,17.08894095,10.36591349,14.7157024,414.0390967,2.015625,9.28E-287,1.2E-042,4.299955441,3.705843467,3.19E-219,4.28E-039,0.5706005991,1.063300864,4.4E-157,5.39E-029,4.763623672,6.344075234,38.72553689
50,15,15,0.1,2,20.13485008,10.89403264,10.36591349,7.331187263,445.6326659,1.796875,1.86E-219,5.02E-043,3.800803316,3.818065513,0.000000000923,0.0000000000473,0.366194083,2.031861325,9.2E-119,7.77E-025,4.729621669,5.601355827,42.36029412
50,15,15,0.5,2,20.13485008,17.73343167,10.36591349,15.00701749,409.4849525,1.875,7.7E-256,1.37E-038,2.311849866,2.645441991,4.37E-075,3.18E-029,1.112307749,1.860762411,1.16E-145,4.48E-025,2.866520217,3.428841506,42.5
50,15,15,0.99,2,20.13485008,17.10293001,10.36591349,13.03690492,251.7765251,1.859375,7.1E-289,4.9E-041,1.439452851,1.957501243,1.28E-142,1.98E-030,0.3858711276,1.09542374,1.09E-175,1.71E-031,1.584075477,2.818172421,42.67647059
50,15,15,0.1,1,20.13485008,6.942592924,10.36591349,5.168278864,638.8861141,1.75,0,0,15.27928308,6.833372208,4.38E-028,1.52E-021,1.119639949,2.992626474,1.65E-268,8.29E-042,20.877023,10.66785245,41.65441176
50,15,15,0.1,2,20.13485008,17.36860474,10.36591349,12.65843494,373.1370921,2.125,0,0,4.573503052,3.439641848,2.71E-022,1.9E-017,0.2792714188,1.335899753,1.26E-215,1.9E-030,5.735159874,5.539952064,42.15441176
50,15,15,0.1,3,20.13485008,17.11659152,10.36591349,11.74445659,310.8563949,2.25,0,0,3.813888977,3.221977015,0.000000000000444,1.41E-023,0.1873919208,1.0959867,6.98E-242,2.65E-030,4.473829374,5.344499156,42.51470588
50,25,2,0.1,2,30.63144076,13.1656603,16.52399296,7.711766492,681.5750808,2.046875,0,0,12.01625153,4.433209846,5.83E-062,2.19E-023,1.143886435,3.009800585,8.61E-298,9.25E-044,16.82844127,5.85429707,31.33333333
50,25,15,0.1,2,30.63144076,17.35617801,16.52399296,12.78658081,460.4850057,2.234375,0,0,6.350844148,4.646486891,7.8E-044,1.96E-027,0.5317553815,1.784877994,1.42E-260,3.86E-035,7.998799085,7.503427584,42.125
50,25,40,0.1,2,30.63144076,9.235767833,16.52399296,6.474462882,706.060676,2.40625,4.22E-243,1.12E-043,4.704580469,5.685878778,8.55E-073,2.42E-025,0.5758248355,3.039143381,8.67E-116,1.34E-028,5.470179462,8.328296498,43.70209673
50,25,15,0.1,2,30.63144076,10.80037328,16.52399296,7.696421464,644.5361513,2.171875,0,0,5.501455369,5.49492148,0.000000000505,1.64E-021,0.9309435516,3.360672478,9.08E-223,2.72E-031,7.108420995,7.625688835,42.83088235
50,25,15,0.5,2,30.63144076,12.33478081,16.52399296,8.075738045,544.7852906,2.234375,2.86E-296,0,2.632129462,3.655370276,6.14E-037,0.00000000000243,0.3302571445,2.346723896,7.1E-191,7.81E-032,3.212364102,4.961881832,42.13970588
50,25,15,0.99,2,30.63144076,14.40885283,16.52399296,9.818038782,446.5708621,2.09375,0,0,1.987588532,2.918821942,1.78E-022,2.66E-019,0.44207034,2.054347287,5.02E-246,1.57E-036,2.491683549,3.781886361,41.69852941
50,25,15,0.1,1,30.63144076,16.05508099,16.52399296,12.50392863,499.1607407,2.15625,0,0,20.87370868,7.221104795,6.55E-029,8.94E-026,0.5403956605,1.867086857,3.15E-306,2.32E-042,28.51719282,12.56638861,41.21323529
50,25,15,0.1,2,30.63144076,19.99463399,16.52399296,16.6773335,450.6866044,2.09375,3.29E-277,5E-43,5.185163001,4.488537805,1.67E-146,2.64E-033,0.5763805367,1.389811619,4.3E-154,1.41E-028,5.851414992,7.582208972,42.56617647
50,25,15,0.1,3,30.63144076,15.33461289,16.52399296,11.87282368,516.8973433,1.984375,2.65E-250,2.27E-038,4.093071355,4.549050618,1.04E-049,8.75E-028,0.9921581893,2.300838141,2.01E-149,8.37E-023,4.734149183,6.793595539,41.90441176
50,50,2,0.1,2,41.74943274,11.34430791,22.15019031,6.670645238,741.0758618,1.96875,0,0,23.1471242,7.337156608,4.48E-068,3.57E-024,3.052006484,5.913550512,0,1.4E-045,32.51709902,8.758440345,32.66666667
50,50,15,0.1,2,41.74943274,18.17341994,22.15019031,12.8175503,576.5024517,2.34375,2.82E-277,6.59E-044,7.253196476,6.207790605,7.71E-044,3.26E-028,0.6656604708,2.510169068,5.3E-152,6.26E-025,8.79838514,9.899380133,42.40441176
50,50,40,0.1,2,41.74943274,13.10999679,22.15019031,10.08110638,718.6344037,2.421875,3.14E-253,1.36E-043,7.853309253,7.456332657,6.4E-237,2E-39,0.9904179338,2.832533285,2.45E-150,4.23E-029,8.922697267,12.07258913,38.26582413
50,50,15,0.1,2,41.74943274,13.20780488,22.15019031,8.703808148,700.4688131,2.109375,0,0,8.503572599,6.99037775,0.00000000000748,0.00000000278,0.206727908,2.937312105,8.68E-214,8.84E-033,10.56818499,11.03683154,42.13970588
50,50,15,0.5,2,41.74943274,17.54192113,22.15019031,12.95382189,569.9250157,1.765625,3.3E-270,3.53E-041,4.213994164,4.700825579,6.43E-028,7.72E-025,1.039338502,2.969312594,6.66E-134,3.67E-025,5.331646375,6.42951391,42.94117647
50,50,15,0.99,2,41.74943274,14.22188493,22.15019031,9.649467505,615.3287059,2.203125,4.15E-294,1.82E-044,2.66669166,4.111493507,8.33E-027,3.83E-021,0.9770542422,3.111446537,1.5E-193,2.56E-032,3.355966969,5.109909078,43.99264706
50,50,15,0.1,1,41.74943274,17.18088899,22.15019031,13.48340161,616.7216421,1.8125,0,0,54.89239202,11.51167241,1.53E-035,1.05E-026,0.6916028969,2.330253887,0,1.4E-045,76.5034107,20.67811309,41.60294118
50,50,15,0.1,2,41.74943274,16.37856243,22.15019031,12.76589812,630.9638661,2.296875,6.28E-253,3.51E-042,7.293958699,6.654252675,2.32E-025,3.19E-021,0.8164017591,3.209135148,2.51E-134,4.54E-024,9.053830001,10.09375011,42.40441176
50,50,15,0.1,3,41.74943274,16.8122638,22.15019031,12.2103095,612.6310535,2.171875,9.26E-201,1.16E-039,5.939598956,6.137304998,1.96E-053,4.7E-030,0.9303148939,2.848384389,1.59E-098,6.3E-021,6.932168359,9.420860322,42.72058824
50,100,2,0.1,2,59.7546505,11.8628387,31.5579563,7.035504218,757.5486539,2.03125,0,0,68824.62054,1977.407133,1.25E-108,5.53E-028,4.501701181,7.672695378,0,0,97253.21972,3943.928301,33.33333333
50,100,15,0.1,2,59.7546505,13.50622887,31.5579563,10.54328442,838.6244313,1.90625,1.9E-271,4.9E-044,11.47399098,10.53148221,8.62E-123,3.4E-031,1.639675907,4.194899791,7.64E-151,5.47E-029,13.42750397,16.85772762,40.89705882
50,100,40,0.1,2,59.7546505,15.02747705,31.5579563,10.85760726,802.0222276,2.140625,2.71E-273,5.61E-045,11.63968875,10.01114254,2.36E-044,2.23E-028,1.243195984,4.163288708,1.46E-162,4.9E-027,14.17650025,15.84945664,36.09134727
50,100,15,0.1,2,59.7546505,9.582965407,31.5579563,6.658802378,926.34314,2.390625,0,0,12.13834424,11.41548654,1.49E-034,5.87E-026,1.81231231,6.501456633,8.2E-252,3.67E-035,15.58788183,16.32150009,41.02205882
50,100,15,0.5,2,59.7546505,8.662000039,31.5579563,6.182196582,928.7227499,2.140625,0,4.64E-041,5.729912711,9.543904092,2.37E-029,3.22E-022,3.256741016,7.994773132,3.13E-206,6.32E-032,7.08754577,11.09050792,40.91176471
50,100,15,0.99,2,59.7546505,17.62842625,31.5579563,13.35736967,705.2593432,2.25,0,5.58E-041,4.093599846,5.567645328,3.41E-028,2.46E-020,1.582194266,4.297607339,2.26E-182,1.27E-027,5.269765094,6.835611478,41.88970588
50,100,15,0.1,1,59.7546505,17.7991796,31.5579563,14.83602332,751.1173107,2.015625,0,0,715.0460699,36.65794457,1.34E-039,6.79E-025,1.971482809,4.509821605,0,0,1009.792977,68.75362361,41.22794118
50,100,15,0.1,2,59.7546505,14.28224656,31.5579563,10.85729432,821.2295917,2.046875,7.53E-246,2.94E-044,11.14962388,10.09699665,4.08E-039,1.3E-029,1.151681141,4.066566052,7.86E-122,1.21E-026,13.21162043,16.11758969,41.68382353
50,100,15,0.1,3,59.7546505,19.888455,31.5579563,13.74504798,699.1936293,2.109375,3.63E-232,1.44E-042,9.044396461,8.313641594,1.02E-103,5.68E-032,0.3760886145,2.725254102,1.86E-103,9.9E-021,10.05087882,13.89291263,41.93382353
100,5,2,0.1,2,16.89571532,12.28481748,10.27569662,6.459798434,25561.71444,4.546875,0,0,2389.499046,46.17309909,0,0,2.413964291,2.780879389,0,0,3378.703861,89.56531878,71.33333333
100,5,15,0.1,2,16.89571532,14.44191652,10.27569662,9.841592833,1049.983944,2.140625,0,0,1.963671265,2.010152258,1.68E-033,2.8E-045,0.399481343,1.351335341,0,0,2.585410001,2.668969175,58.80983374
100,5,40,0.1,2,16.89571532,11.65833204,10.27569662,8.466392504,1188.406851,2.578125,0,0,2.557036965,2.385050516,1.48E-034,3.04E-043,0.3692571601,1.437990281,0,0,3.338664261,3.332110751,77.44904179
100,5,15,0.1,2,16.89571532,10.4998347,10.27569662,7.035153325,1273.087385,2.046875,0,0,2.169976529,2.379351704,1.52E-035,6.89E-039,0.5620501171,1.90923619,0,0,2.94273321,2.849467218,58.13601495
100,5,15,0.5,2,16.89571532,13.38689265,10.27569662,9.817141015,1107.912635,1.828125,0,0,1.116271933,1.717308741,1.55E-033,1.18E-033,0.4280768262,1.692446446,0,0,1.519091841,1.742171037,59.08583006
100,5,15,0.99,2,16.89571532,13.84870409,10.27569662,8.569882487,576.8272297,2.1875,0,0,0.6376664558,1.38041846,6.2E-048,0.00000000000184,0.3454401699,1.453409691,0,0,0.8265909914,1.307427229,59.58225946
100,5,15,0.1,1,16.89571532,16.81182999,10.27569662,14.41176577,1533.920521,2.046875,0,0,23.05143892,3.869597408,6.88E-154,0,0.931239695,1.573698947,0,0,32.42419106,6.165495869,51.1486205
100,5,15,0.1,2,16.89571532,13.29854102,10.27569662,10.1985504,1470.084461,2.21875,0,0,1.969877827,2.214043149,1.86E-023,9.13E-028,0.4751140298,1.707238348,0,0,2.649792775,2.72084795,56.36399098
100,5,15,0.1,3,16.89571532,12.4196356,10.27569662,8.302362974,1078.454663,2.109375,0,0,1.30222668,2.036822835,1.36E-070,3.36E-044,0.2301986817,1.530579201,0,2.48E-043,1.681080601,2.543066469,61.61009308
100,15,2,0.1,2,19.95258152,14.22616857,10.45312179,7.183289367,5799.035854,1.828125,0,0,4379.033195,90.57780444,9.62E-294,0,1.3614267,2.237369591,0,0,6191.627696,178.9182393,70.66666667
100,15,15,0.1,2,19.95258152,9.83908808,10.45312179,6.682233723,1906.66369,2.40625,0,0,4.433248149,3.821969789,3.99E-028,1.35E-040,0.5374576919,2.058545817,0,0,5.72705765,5.585393762,48.68981568
100,15,40,0.1,2,19.95258152,18.23411937,10.45312179,13.41594031,1342.859065,2.421875,0,0,4.785379985,3.375111137,3.13E-039,0,0.2455083217,1.033684707,0,0,5.897024114,5.716537568,72.38195087
100,15,15,0.1,2,19.95258152,13.14976048,10.45312179,9.500499656,1501.927828,2.125,0,0,4.233842088,3.514370948,5.59E-022,1.01E-038,0.32964007,1.476021327,0,0,5.237598374,5.552720568,49.01965694
100,15,15,0.5,2,19.95258152,9.621860123,10.45312179,5.998587837,1721.330586,2.15625,0,0,2.220980747,2.904592643,1.91E-050,0.000000000000171,0.3911535496,2.234665222,0,0,2.968990462,3.574520064,49.11198742
100,15,15,0.99,2,19.95258152,12.94158947,10.45312179,9.808418887,1220.510722,2,0,0,1.523153482,2.273998252,0,0,0.5819345416,1.456255931,0,0,1.721609782,3.091740574,50.53085807
100,15,15,0.1,1,19.95258152,17.39446846,10.45312179,14.52815006,1531.085129,2.421875,0,0,118.2105371,7.794428405,1.72E-292,0,0.4565413994,1.067467265,0,0,166.9034143,14.52138955,43.87280462
100,15,15,0.1,2,19.95258152,11.53660108,10.45312179,8.204304776,1671.376378,2.140625,0,0,4.395574042,3.6433367,1.66E-020,2.06E-036,0.320426783,1.641410131,0,0,5.524857375,5.645263269,45.98788226
100,15,15,0.1,3,19.95258152,13.52105625,10.45312179,10.09500297,1630.0109,2.296875,0,0,3.198015155,3.29947858,7.14E-017,7.34E-033,0.4590179669,1.772299426,0,0,3.94706879,4.826657733,53.01512857
100,25,2,0.1,2,30.23436122,15.33006803,16.48683518,8.41738812,3138.921047,1.609375,0,0,1383.923197,33.35585179,7E-195,8.16E-043,1.44160088,2.865475913,0,0,1956.68736,63.84622767,63.33333333
100,25,15,0.1,2,30.23436122,10.28851128,16.48683518,7.913670858,2665.224001,2.03125,0,0,9.963229259,5.701139508,4.37E-070,0,1.41306072,3.436998812,0,0,13.64853354,7.965280204,46.60729393
100,25,40,0.1,2,30.23436122,14.62642374,16.48683518,10.837897,2103.655013,2.625,0,0,6.777542369,4.943560025,2.24E-083,9.09E-041,0.3856920941,1.901369764,0,0,8.556375375,7.985750287,77.02942468
100,25,15,0.1,2,30.23436122,16.44218039,16.48683518,11.54564237,1875.205394,2.09375,0,0,6.079133436,4.59329051,3.05E-091,0,0.5593472658,1.996013426,0,0,7.752880807,7.190567594,46.89678247
100,25,15,0.5,2,30.23436122,13.61957355,16.48683518,9.447420248,2004.984759,2.1875,0,0,3.256871507,3.570393817,2.39E-053,1.37E-043,0.7121396088,2.32669294,0,0,4.196867577,4.814094693,47.78516464
100,25,15,0.99,2,30.23436122,16.30566035,16.48683518,10.74590785,1527.112182,2.21875,0,0,2.098101803,2.699139993,2.31E-026,1.71E-031,0.465639709,2.076699098,0,0,2.79506291,3.321580889,47.04952613
100,25,15,0.1,1,30.23436122,17.39011796,16.48683518,14.33764803,1935.929423,2.203125,0,0,1268.500768,28.14621437,6.85E-103,0,1.243737987,2.277242098,0,0,1793.557482,54.01518663,42.10542923
100,25,15,0.1,2,30.23436122,17.11674578,16.48683518,11.69109069,1785.230522,2.234375,0,0,6.390652412,4.575534359,3.02E-176,0,0.13129667,1.622288563,0,0,8.013757934,7.528780155,46.85384905
100,25,15,0.1,3,30.23436122,13.96798433,16.48683518,9.414025651,2119.449207,2.34375,0,0,4.098658671,4.39318043,3.89E-036,0,0.3963759863,2.147427065,0,2.1E-044,4.83260546,6.638933795,50.03733409
100,50,2,0.1,2,41.62333729,14.52634937,22.31299644,7.811873697,2502.947152,1.78125,0,0,53.61106433,7.108550711,5.63E-229,0,2.588163703,4.172871203,0,0,75.65948333,10.04423022,60
100,50,15,0.1,2,41.62333729,16.46626597,22.31299644,11.93942542,2496.23317,2,0,0,18.21113996,6.688072712,0,0,0.4446354071,2.238359655,0,0,24.9698547,11.13778577,44.35341347
100,50,40,0.1,2,41.62333729,15.88418036,22.31299644,12.36087718,2594.745456,2.453125,0,0,10.07197566,7.10325912,3.85E-153,0,0.5876774083,3.186124658,0,0,13.10939121,11.02039358,72.57223484
100,50,15,0.1,2,41.62333729,13.82746081,22.31299644,9.765451637,2752.871009,2.1875,0,0,9.713747911,6.970355399,0.00000000000447,4.77E-039,0.7175108483,3.361245944,0,0,12.73372031,10.57946485,43.62878059
100,50,15,0.5,2,41.62333729,18.97473582,22.31299644,16.88395406,2281.840864,2.296875,0,0,5.79849759,5.397729404,1.47E-145,0,3.068400288,4.199161335,0,0,7.413294642,6.596297473,44.31622782
100,50,15,0.99,2,41.62333729,13.62907942,22.31299644,9.166850411,2511.088233,2.25,0,0,3.168486882,4.247776979,4.01E-039,6.13E-023,0.9738867225,3.662941255,0,0,4.294891995,4.832612702,45.06432103
100,50,15,0.1,1,41.62333729,15.10863593,22.31299644,12.44935907,2678.320116,2.140625,0,0,878.6535155,30.0726623,4.46E-051,5.57E-042,1.623536541,3.864195576,0,0,1242.049756,56.28112901,41.70148197
100,50,15,0.1,2,41.62333729,13.76658228,22.31299644,10.82141431,2790.810969,2.390625,0,0,8.154151547,6.999206125,6.15E-031,1.16E-036,0.9963197057,3.834658536,0,0,10.58106796,10.16375371,45.1305601
100,50,15,0.1,3,41.62333729,13.43574333,22.31299644,9.154317009,2792.49101,2.515625,0,0,6.050447841,6.374832897,2E-31,1.68E-031,0.47068636,3.302094997,0,1.82E-044,7.356008163,9.447570797,49.16595371
100,100,2,0.1,2,59.73416272,16.91504086,31.98100107,9.590144199,2561.601087,1.8125,0,0,66.24838588,9.411012491,0,0,4.237508933,5.468943297,0,0,93.42730308,13.35308169,59.33333333
100,100,15,0.1,2,59.73416272,13.08229132,31.98100107,9.749012423,3398.811797,2.359375,0,0,12.98347134,10.28907532,1.26E-023,3.61E-036,1.274348303,5.372059425,0,0,16.94588452,15.20609121,43.48089344
100,100,40,0.1,2,59.73416272,12.56020673,31.98100107,9.200017155,3469.190628,2.234375,0,0,25.38460776,11.43839479,5.14E-062,0,1.465604281,4.904479453,0,0,34.65868617,17.97231014,75.89226169
100,100,15,0.1,2,59.73416272,11.99217003,31.98100107,8.490420108,3494.345067,2.296875,0,0,13.35497198,10.48585535,0.0000000000348,1.05E-036,1.258777237,5.586989798,0,0,17.52507535,15.38472089,43.05669312
100,100,15,0.5,2,59.73416272,17.1851556,31.98100107,12.43906268,2966.096749,2.34375,0,0,8.811593723,6.854598002,1.88E-083,1.04E-039,0.7297037967,3.202056883,0,0,11.31696898,10.50713912,41.57586902
100,100,15,0.99,2,59.73416272,17.35929674,31.98100107,11.4586337,2830.951417,2.21875,0,0,5.081921396,5.410127941,1.19E-046,1.37E-037,0.513591518,3.74175021,0,0,6.769128851,7.078505672,43.20735386
100,100,15,0.1,1,59.73416272,17.08582396,31.98100107,13.5472879,3069.916151,2.25,0,0,267.9149112,25.35528093,1.81E-075,0,1.484023588,3.777965165,0,0,377.6551811,46.93259669,38.09084775
100,100,15,0.1,2,59.73416272,13.38899401,31.98100107,9.163375617,3363.04737,2.140625,0,0,13.06307761,9.971192117,2.56E-040,8.41E-045,0.8932558904,4.373361219,0,0,16.66789326,15.56902302,40.5244564
100,100,15,0.1,3,59.73416272,12.22355141,31.98100107,8.694986092,3482.851979,2.203125,0,0,8.953576453,9.721815811,2.5E-089,0,1.469792549,5.37607991,0,0,10.97278139,14.06755171,46.33306983
500,5,2,0.1,2,16.82667073,14.38122665,10.39839774,6.923963164,479881.4591,2.421875,0,0,269.7806798,5.104419074,0,0,1.456335092,1.911495229,0,0,381.4979946,8.297342919,338.6666667
500,5,15,0.1,2,16.82667073,13.67277321,10.39839774,9.086190038,16685.56186,4.21875,0,0,2.907348959,1.756844006,3.9E-130,0,0.1714777278,1.280909494,0,0,4.052520699,2.232778517,191.2193736
500,5,40,0.1,2,16.82667073,11.01161964,10.39839774,7.288733038,25211.85098,5.84375,0,0,2.312698059,2.090686831,1.25E-038,0,0.2187278483,1.515562761,0,0,3.160342918,2.6658109,208.3135964
500,5,15,0.1,2,16.82667073,13.5534653,10.39839774,8.724581252,17151.86952,4.140625,0,0,2.710987641,1.753971066,8.66E-027,0,0.2502601643,1.303506897,0,0,3.772325794,2.204435235,189.7217443
500,5,15,0.5,2,16.82667073,14.04639364,10.39839774,8.960439302,14074.87166,5,0,0,2.313120078,1.449703539,1.34E-067,0,0.4309787389,1.37495821,0,0,3.241007959,1.524448867,171.5227198
500,5,15,0.99,2,16.82667073,13.56439607,10.39839774,8.059124858,16273.39164,4.5625,0,0,1.150946194,1.333665982,1.1E-099,0,0.4632939729,1.485937024,0,0,1.545425519,1.181394939,156.5274091
500,5,15,0.1,1,16.82667073,13.29329035,10.39839774,10.12028063,23103.19245,4.640625,0,0,113.7702535,3.982404262,2.62E-109,0,0.597117077,1.514898142,0,0,160.8564808,6.449910382,141.9181482
500,5,15,0.1,2,16.82667073,11.8386636,10.39839774,7.442951384,20437.61748,4.421875,0,0,2.299035306,1.872434703,1.96E-018,0,0.2498435893,1.507961182,0,0,3.200472304,2.236908224,189.0475792
500,5,15,0.1,3,16.82667073,11.75356088,10.39839774,7.480276604,21186.10833,4.640625,0,0,1.120114653,1.818350438,8.14E-038,0,0.2821908319,1.512060426,0,0,1.497349279,2.12464045,219.5448558
500,15,2,0.1,2,19.94472893,13.72855877,10.54532202,6.666352967,75549.07704,2.40625,0,0,860.9801983,15.31627983,0,0,1.415099301,2.177495969,0,0,1217.467267,28.45506369,318.6666667
500,15,15,0.1,2,19.94472893,11.90603636,10.54532202,7.747815954,37632.72819,4.734375,0,0,6.816018758,3.34018682,1.22E-059,0,0.1987539564,1.702385552,0,0,9.354781361,4.977988087,120.6902461
500,15,40,0.1,2,19.94472893,12.56494049,10.54532202,8.468541859,38050.59686,5.859375,0,0,7.103880031,3.558294626,1.91E-058,0,0.2149344292,1.679822514,0,0,9.686418906,5.436766738,142.2674686
500,15,15,0.1,2,19.94472893,14.11031071,10.54532202,9.269831252,32185.45313,5.015625,0,0,9.757994876,3.206010389,5.6E-054,5.61E-045,0.1647759322,1.436512053,0,0,13.57009684,4.975508726,119.0457334
500,15,15,0.5,2,19.94472893,12.59364634,10.54532202,8.780688996,33634.73375,4.734375,0,0,3.030882405,2.549801259,1.07E-069,0,0.4249245099,1.886810354,0,0,4.160867888,3.212792164,108.2503478
500,15,15,0.99,2,19.94472893,9.928213874,10.54532202,5.612380083,35059.04927,4.796875,0,0,2.406552145,2.397413223,9.71E-211,0,0.3644793164,2.074477591,0,0,3.352844529,2.720348855,97.14439649
500,15,15,0.1,1,19.94472893,16.13944493,10.54532202,12.69218502,32595.6039,5,0,0,237.4760389,9.409852141,2.06E-099,0,0.3327475713,1.18266803,0,0,335.6400665,17.63703625,86.65958316
500,15,15,0.1,2,19.94472893,12.10591828,10.54532202,7.833663017,36694.76061,4.671875,0,0,6.4536675,3.346521246,3.12E-095,6.85E-029,0.1148579195,1.576550412,0,0,8.776153061,5.11649208,116.7344914
500,15,15,0.1,3,19.94472893,11.65182056,10.54532202,7.648683228,39176.69001,4.84375,0,0,3.073243314,3.088661354,4.32E-053,0,0.2040798439,1.766398287,0,0,3.918065991,4.41092442,141.3730197
500,25,2,0.1,2,30.00112221,13.46657041,16.43717723,6.596182815,56611.16737,2.40625,0,0,929.8377441,17.71856463,0,0,2.230373869,3.302024943,0,0,1314.829195,32.13510431,305.3333333
500,25,15,0.1,2,30.00112221,11.83622096,16.43717723,7.86487459,58595.68912,4.78125,0,0,7.575644653,4.859047958,3.1E-020,0,0.3834981496,2.691703472,0,0,10.25860365,7.026392445,99.3396068
500,25,40,0.1,2,30.00112221,11.69491447,16.43717723,8.266874728,60384.27074,6.46875,0,0,9.233943349,5.301756279,5.12E-128,0,0.9243202665,2.894304623,0,0,12.57320185,7.709207935,128.0911873
500,25,15,0.1,2,30.00112221,12.1086614,16.43717723,7.982039427,57663.2031,4.6875,0,0,8.730959468,4.802339889,6.38E-041,0,0.2719404583,2.365933886,0,0,11.85382666,7.238745893,99.02094739
500,25,15,0.5,2,30.00112221,11.35283568,16.43717723,6.998548118,55621.31393,4.75,0,0,4.853565479,3.756036021,5.04E-083,0,0.2711899495,2.590568941,0,0,6.65762906,4.921503101,89.35009274
500,25,15,0.99,2,30.00112221,9.962564559,16.43717723,6.229516132,57125.7417,5.09375,0,0,3.906241218,3.661745782,1.11E-182,0,0.9228045624,3.668854126,0,0,5.446629378,3.654637438,80.0146255
500,25,15,0.1,1,30.00112221,12.36528537,16.43717723,9.628596032,58526.97259,4.78125,0,0,2513.352341,20.90818826,2.35E-049,0,0.7670104446,3.08474207,0,0,3554.327508,38.73163445,75.2379874
500,25,15,0.1,2,30.00112221,12.57978801,16.43717723,8.17071069,55859.44701,4.765625,0,0,8.788857275,4.733839379,1.26E-053,1.98E-035,0.165380245,2.371256264,0,0,11.97067566,7.096422495,102.3742102
500,25,15,0.1,3,30.00112221,11.15753207,16.43717723,7.191308108,61155.35634,4.796875,0,0,4.30066828,4.491732507,7.01E-079,3.56E-031,0.1291599928,2.610965238,0,0,5.468111371,6.372499777,116.7772323
500,50,2,0.1,2,41.29175305,14.18159954,22.26683608,6.919333075,53988.17161,2.46875,0,0,1579.828221,24.82210993,0,0,2.624956358,4.130820864,0,0,2234.021321,45.51339899,292
500,50,15,0.1,2,41.29175305,11.89868972,22.26683608,7.783658152,73852.87379,5.0625,0,0,16.50130263,7.135177395,5.44E-032,0,0.35365233,3.43853212,0,0,22.74050426,10.83182267,88.77689886
500,50,40,0.1,2,41.29175305,10.33119246,22.26683608,6.909810047,79624.83194,5.9375,0,0,16.43583147,7.980217596,2.04E-110,0,0.4112113271,3.70483607,0,0,22.43983607,12.25559912,114.9172992
500,50,15,0.1,2,41.29175305,10.3525654,22.26683608,6.917394683,78806.85094,4.921875,0,0,13.28097796,7.5626116,1.45E-033,0,0.6206594042,4.264525907,0,0,18.18320089,10.86069729,86.48090528
500,50,15,0.5,2,41.29175305,10.68212749,22.26683608,6.707976749,74354.61952,5.15625,0,0,9.008106524,5.650464894,8.68E-099,0,0.7073171233,4.086391793,0,0,12.52593388,7.214537994,81.78333615
500,50,15,0.99,2,41.29175305,12.36118885,22.26683608,7.649393401,65901.46086,5.078125,0,0,5.267983255,4.461655765,1.72E-149,0,0.8077246752,3.597371794,0,0,7.304580921,5.325939735,72.21733258
500,50,15,0.1,1,41.29175305,11.66313187,22.26683608,9.031269433,75607.65316,5.125,0,0,8038.800069,47.85394472,0,0,1.003460401,4.419747044,0,0,11368.41409,91.2881424,68.03750562
500,50,15,0.1,2,41.29175305,12.58201617,22.26683608,8.413053978,71927.24591,4.796875,0,0,14.98890379,6.979336029,1.93E-049,0,0.4824345225,3.195922422,0,0,20.50544546,10.76274964,89.71398814
500,50,15,0.1,3,41.29175305,11.68278867,22.26683608,7.573280149,74658.9605,4.859375,0,0,6.58725019,6.392226223,4.06E-076,5.41E-023,0.1532485491,3.440082005,0,0,8.326459875,9.34437044,104.3820876
500,100,2,0.1,2,59.25427458,13.9767975,31.94518661,6.804565595,64382.69973,2.390625,0,0,3191.20453,39.38511922,0,0,4.016381813,6.112584358,0,0,4512.797631,72.65765409,288.6666667
500,100,15,0.1,2,59.25427458,12.17856616,31.94518661,8.117705129,87146.07881,4.859375,0,0,18.32827688,10.44697783,1.25E-021,0,0.5764143174,4.907362389,0,0,24.70110392,15.98659327,79.09210365
500,100,40,0.1,2,59.25427458,12.38257569,31.94518661,8.695629775,87042.73419,6.078125,0,0,25.29117985,11.18944359,3.55E-073,0,0.7462237261,5.179940061,0,0,34.73474401,17.19894711,104.1560489
500,100,15,0.1,2,59.25427458,12.64832467,31.94518661,8.800358689,85971.00236,4.84375,0,0,28.15045528,10.37382985,9.38E-092,0,0.7064987468,5.055769682,0,0,39.08751203,15.69189002,80.72234448
500,100,15,0.5,2,59.25427458,9.257308926,31.94518661,5.609337772,91961.1444,5.125,0,0,14.15224985,8.858027708,1.88E-073,6.17E-044,0.7070235556,6.56378756,0,0,19.73690436,11.15226786,71.12507579
500,100,15,0.99,2,59.25427458,14.82947168,31.94518661,10.6931594,76831.82378,4.84375,0,0,9.284269031,6.200637403,0,0,1.158271989,3.699878182,0,0,12.59150966,8.701396625,66.59306533
500,100,15,0.1,1,59.25427458,15.10015556,31.94518661,12.06349061,81173.22657,5.21875,0,0,2062.558439,39.02704618,2.97E-113,0,1.845372772,4.365835916,0,0,2916.485629,73.68825644,59.9125954
500,100,15,0.1,2,59.25427458,12.98031718,31.94518661,8.980335441,85429.53838,4.640625,0,0,20.35037721,10.28322941,1.64E-145,0,0.6726435324,4.166336171,0,0,27.44067218,16.40012266,78.35264842
500,100,15,0.1,3,59.25427458,13.30044322,31.94518661,8.875721195,84668.00936,5.21875,0,0,10.19943062,9.052186537,2.01E-091,0,0.2660478427,4.132718242,0,0,12.63264232,13.97165483,92.21757148
1000,5,2,0.1,2,16.76056152,13.85961053,10.32517818,6.674443261,2738636.035,3.515625,0,0,233.1408037,3.955771498,0,0,1.644261251,1.991296362,0,0,329.6950815,5.920246635,680.6666667
1000,5,15,0.1,2,16.76056152,11.20923586,10.32517818,6.931639489,84978.10899,8.125,0,0,2.492200752,1.84956931,7E-69,0,0.2859193447,1.644552417,0,0,3.500902092,2.054586203,330.7753024
1000,5,40,0.1,2,16.76056152,12.56302204,10.32517818,8.332373117,75586.65056,10.3125,0,0,3.016248667,1.879783205,2.43E-120,0,0.1219555136,1.326799541,0,0,4.1915459,2.432766868,321.330407
1000,5,15,0.1,2,16.76056152,11.54425916,10.32517818,7.537146122,92331.52584,7.734375,0,0,1.85136723,1.875753081,8.24E-032,0,0.4979513659,1.749217321,0,0,2.564204181,2.002288842,334.4417796
1000,5,15,0.5,2,16.76056152,11.6829971,10.32517818,6.80745542,63571.14888,7.3125,0,0,1.605796362,1.543082255,1.64E-143,0,0.2431595604,1.574446034,0,0,2.257447666,1.511718477,260.4911516
1000,5,15,0.99,2,16.76056152,9.65008669,10.32517818,5.153633806,111891.2658,7.609375,0,0,1.141899505,1.727818355,2.82E-308,0,0.7215371829,2.186636312,0,0,1.290823465,1.269000398,223.8444528
1000,5,15,0.1,1,16.76056152,15.18078856,10.32517818,11.50916007,215079.0372,7.46875,0,0,463.7850363,4.47554824,0,0,0.7133082813,1.367998446,0,0,655.8759771,7.583098035,206.6085911
1000,5,15,0.1,2,16.76056152,11.19101108,10.32517818,6.883656076,82033.45265,8.234375,0,0,2.411679498,1.841502583,3.27E-033,0,0.2272060932,1.57792533,0,0,3.382577043,2.105079835,327.8760016
1000,5,15,0.1,3,16.76056152,11.54086678,10.32517818,7.244927865,79550.40359,8.125,0,0,0.9536334907,1.751095112,9.74E-061,0,0.2609352155,1.521300631,0,0,1.282628347,1.980889593,394.8146579
1000,15,2,0.1,2,20.00701603,13.49754564,10.59714919,6.46954929,320007.8912,3.5,0,0,585.1545857,8.008060439,0,0,1.786079694,2.312827836,0,0,827.4924271,13.70329304,622
1000,15,15,0.1,2,20.00701603,11.43644616,10.59714919,7.47555769,156378.5963,8.4375,0,0,6.403262698,3.352790893,1.34E-038,0,0.3214049075,1.747574755,0,0,8.76052553,4.95800703,176.219954
1000,15,40,0.1,2,20.00701603,15.10612855,10.59714919,10.43463098,134193.3795,10.171875,0,0,7.320507749,3.356212477,9.43E-034,0,0.2114724592,1.413805047,0,0,9.979431524,5.298619906,189.9296034
1000,15,15,0.1,2,20.00701603,12.42745649,10.59714919,8.168923604,143266.2918,8.140625,0,0,7.935600192,3.286749657,1.64E-077,0,0.2012574008,1.600336617,0,0,10.96444337,4.973162696,176.7895591
1000,15,15,0.5,2,20.00701603,10.76666725,10.59714919,6.636124755,145241.1864,7.828125,0,0,5.284009123,2.702689479,1.58E-160,0,0.3068026203,1.947578995,0,0,7.389654477,3.457799963,141.1859697
1000,15,15,0.99,2,20.00701603,13.53527221,10.59714919,8.50034246,90413.52493,8.125,0,0,2.633673897,2.02933154,9.22E-206,0,0.2380635409,1.445759576,0,0,3.624181241,2.612903503,122.0855491
1000,15,15,0.1,1,20.00701603,14.94716272,10.59714919,11.73870096,153734.2596,8.4375,0,0,1322.584884,11.62240983,0,0,0.5150319951,1.323673307,0,0,1870.360703,21.92114636,114.0716935
1000,15,15,0.1,2,20.00701603,11.83497536,10.59714919,7.601906215,149200.9676,7.953125,0,0,7.214551171,3.305936761,2.12E-110,0,0.11594296,1.650342535,0,0,9.929958205,4.961530987,175.9309213
1000,15,15,0.1,3,20.00701603,11.30479812,10.59714919,7.471150967,162579.0234,8.28125,0,0,3.040344816,3.10787607,4.54E-059,0,0.2384241144,1.87476958,0,0,3.922938174,4.34098256,208.8858502
1000,25,2,0.1,2,30.07964032,14.00362488,16.54134985,6.765883872,269842.6024,3.765625,0,0,533.6763522,9.776368497,0,0,2.648468025,3.410930278,0,0,754.6739997,16.14180672,581.3333333
1000,25,15,0.1,2,30.07964032,11.66794173,16.54134985,7.540562173,236198.2802,8.640625,0,0,9.983249063,4.833212168,4.68E-059,3.12E-040,0.1579516962,2.490376944,0,0,13.7232584,7.176047392,146.5468019
1000,25,40,0.1,2,30.07964032,13.65469834,16.54134985,9.130130374,213883.6125,9.9375,0,0,10.44292102,4.911347331,8.71E-055,0,0.2338428549,2.280177566,0,0,14.29015072,7.542517096,160.6094192
1000,25,15,0.1,2,30.07964032,11.15042003,16.54134985,7.182231943,243591.6751,7.828125,0,0,9.923459409,4.913775495,3.3E-082,0,0.2154599667,2.689546079,0,0,13.67513354,7.138004911,146.3058818
1000,25,15,0.5,2,30.07964032,10.8594479,16.54134985,6.636185562,230100.4113,8.046875,0,0,7.28599596,3.894156662,4.71E-078,0,0.3287422378,2.778850138,0,0,10.17720912,5.009463187,118.0542473
1000,25,15,0.99,2,30.07964032,13.12050507,16.54134985,7.806254182,180491.0639,8.65625,0,0,3.795332995,2.986449504,3.15E-109,0,0.2841695473,2.379073929,0,0,5.290608904,3.593825079,102.822302
1000,25,15,0.1,1,30.07964032,13.96545241,16.54134985,10.96531822,217369.5935,7.6875,0,0,898.4519171,15.51078111,1.42E-039,0,0.7360065541,2.748162268,0,0,1270.474472,28.27339995,95.18051617
1000,25,15,0.1,2,30.07964032,12.00995834,16.54134985,7.759839796,230964.8147,7.375,0,0,9.678630738,4.754835402,5.83E-107,0,0.201916337,2.457347422,0,0,13.29489051,7.052323381,148.5044426
1000,25,15,0.1,3,30.07964032,11.59018733,16.54134985,7.703435052,239104.4982,8.390625,0,0,4.297329715,4.383666376,2.3E-042,0,0.3489723038,2.570017879,0,0,5.498514521,6.197314874,179.543598
1000,50,2,0.1,2,41.3580713,14.38059834,22.33706405,7.119817587,207484.6906,3.625,0,0,3079.434861,23.31740589,0,0,3.097558437,4.532813442,0,0,4354.896417,42.10199834,572.6666667
1000,50,15,0.1,2,41.3580713,12.32270093,22.33706405,8.048531963,290677.8038,7.984375,0,0,15.20913735,7.01476715,1.63E-047,0,0.1985003799,3.213219955,0,0,20.82529215,10.81631435,122.5960989
1000,50,40,0.1,2,41.3580713,13.70822652,22.33706405,9.041579003,276264.0288,10.890625,0,0,13.93847141,7.134778672,2.69E-084,2.49E-031,0.1312602253,2.914946932,0,0,18.78645207,11.35461041,139.4259239
1000,50,15,0.1,2,41.3580713,12.22886474,22.33706405,8.00289548,291666.1821,8.25,0,0,20.26953249,7.018516173,4.96E-059,0,0.2993339641,3.286246862,0,0,28.17372224,10.75078548,126.7172527
1000,50,15,0.5,2,41.3580713,10.17801459,22.33706405,6.620767137,304694.5631,8.4375,0,0,8.069526554,5.878584925,1.04E-113,0,1.188375169,4.388247717,0,0,11.15258141,7.368922133,103.5463017
1000,50,15,0.99,2,41.3580713,11.01888589,22.33706405,6.774972872,281383.4733,8.125,0,0,5.940006022,4.793554581,0,0,0.6505311773,3.618805048,0,0,8.208780624,5.968304114,88.27102375
1000,50,15,0.1,1,41.3580713,14.51713709,22.33706405,11.52139461,274313.1424,8.015625,0,0,2364.290467,28.94733417,0,0,1.054722238,2.731151106,0,0,3343.405918,55.16351724,86.8978864
1000,50,15,0.1,2,41.3580713,10.76403422,22.33706405,7.003507458,309590.5347,8.640625,0,0,14.58058881,7.353141116,6.65E-060,0,0.3536528518,3.932583591,0,0,20.041498,10.77369864,126.5282596
1000,50,15,0.1,3,41.3580713,12.18898022,22.33706405,7.986434832,292896.4137,7.703125,0,0,6.795973995,6.252262222,3.21E-069,0,0.2046626505,3.234288165,0,0,8.608850299,9.270236279,155.861509
1000,100,2,0.1,2,59.22422907,13.73084758,31.97747295,6.817677646,258855.8466,3.71875,0,0,1195.704722,17.75805763,0,0,4.024600798,6.675405734,0,0,1690.904408,28.84070953,542
1000,100,15,0.1,2,59.22422907,12.29189431,31.97747295,8.041295102,347339.845,8.625,0,0,24.97044608,10.36319892,1.08E-093,0,0.2353029188,4.619934627,0,0,34.36598344,16.10646322,109.2991157
1000,100,40,0.1,2,59.22422907,12.77981769,31.97747295,8.450047705,344069.8448,10.84375,0,0,24.66713607,10.84019728,4E-58,0,0.2657817285,4.543204778,0,0,33.72773835,17.13718979,121.6752207
1000,100,15,0.1,2,59.22422907,11.21266958,31.97747295,7.291495406,357847.5677,8.3125,0,0,26.18059955,10.71545619,9.1E-046,0,0.3147797083,5.013261955,0,0,36.13472652,16.41765043,112.4472771
1000,100,15,0.5,2,59.22422907,10.47291936,31.97747295,6.761461079,355264.7001,8.078125,0,0,14.13019237,8.450746657,1.98E-098,0,1.5254046,6.107079685,0,0,19.64719481,10.79441363,92.89118609
1000,100,15,0.99,2,59.22422907,9.706681701,31.97747295,5.833272286,353731.4429,8.640625,0,0,8.303451487,7.488111676,4.35E-169,0,1.244958314,6.217463717,0,0,11.53757338,8.758759635,85.02857143
1000,100,15,0.1,1,59.22422907,13.18428482,31.97747295,10.32578388,341827.9078,8.59375,0,0,3496.78796,39.59678271,1.33E-101,0,1.537348631,4.585368645,0,0,4944.956836,74.60819678,80.15773212
1000,100,15,0.1,2,59.22422907,10.90241725,31.97747295,7.217906503,360583.7404,8.625,0,0,22.7873875,10.78142422,1.25E-057,0,0.9282349051,5.525112648,0,0,31.34343337,16.0377358,107.4401471
1000,100,15,0.1,3,59.22422907,11.51862138,31.97747295,7.524123922,354868.2871,8.3125,0,0,10.29768892,9.359194609,2.91E-041,0,0.3666922752,5.102764312,0,0,13.25578868,13.61562491,133.8786638
